"","Link","GeneSymbol","Type","consequence","ClinicalSignificance","review","PhenotypeList","Name","ref_aa","alt_aa","pos_aa","CADD_phred","gnomAD_binary_char"
"1","<a href=""https://www.ncbi.nlm.nih.gov/clinvar/variation/18428"" target=""_blank"">18428</a>","FOXP1","SNV","Stop gain","Pathogenic","Criteria provided/ multiple submitters/ no conflicts","Mental retardation with language impairment and with or without autistic features|Not provided/ not specified","NM_032682.6(FOXP1):c.1573C>T (p.Arg525Ter)","Arg","Ter",525,"9.140902","No"
"2","<a href=""https://www.ncbi.nlm.nih.gov/clinvar/variation/55847"" target=""_blank"">55847</a>","FOXP1","SNV","Missense","Benign/Likely benign","Criteria provided/ multiple submitters/ no conflicts","Aortic valve atresia (disease);Mitral atresia disorder;Hypoplastic left heart syndrome 1|Heterotaxia;Atrioventricular septal defect;Single Ventricle Defect;Pulmonary atresia with ventricular septal defect|Not provided/ not specified|Not provided/ not specified|History of neurodevelopmental disorder","NM_032682.6(FOXP1):c.1702C>T (p.Pro568Ser)","Pro","Ser",568,"2.208809","Yes"
"3","<a href=""https://www.ncbi.nlm.nih.gov/clinvar/variation/96226"" target=""_blank"">96226</a>","FOXP1","SNV","Intronic","Benign","Criteria provided/ single submitter","Not provided/ not specified","NM_032682.5(FOXP1):c.1147-19G>A",NA,NA,NA,"NA0.252941","Yes"
"5","<a href=""https://www.ncbi.nlm.nih.gov/clinvar/variation/96228"" target=""_blank"">96228</a>","FOXP1","SNV","Intronic","Benign","Criteria provided/ multiple submitters/ no conflicts","Not provided/ not specified","NM_032682.5(FOXP1):c.1889+20C>A",NA,NA,NA,"NA0.255183","Yes"
"6","<a href=""https://www.ncbi.nlm.nih.gov/clinvar/variation/129107"" target=""_blank"">129107</a>","FOXP1","SNV","Missense","Likely benign","Criteria provided/ single submitter","Not provided/ not specified","NM_032682.6(FOXP1):c.98G>C (p.Arg33Pro)","Arg","Pro",33,"2.492328","Yes"
"7","<a href=""https://www.ncbi.nlm.nih.gov/clinvar/variation/129108"" target=""_blank"">129108</a>","FOXP1","SNV","Intronic","Benign","Criteria provided/ multiple submitters/ no conflicts","Not provided/ not specified|History of neurodevelopmental disorder|Not provided/ not specified","NM_032682.5(FOXP1):c.1890-5T>C",NA,NA,NA,"0.585473","Yes"
"8","<a href=""https://www.ncbi.nlm.nih.gov/clinvar/variation/129109"" target=""_blank"">129109</a>","FOXP1","SNV","Missense","Benign/Likely benign","Criteria provided/ multiple submitters/ no conflicts","Not provided/ not specified|History of neurodevelopmental disorder|Not provided/ not specified","NM_032682.6(FOXP1):c.643C>G (p.Pro215Ala)","Pro","Ala",215,"3.283777","Yes"
"11","<a href=""https://www.ncbi.nlm.nih.gov/clinvar/variation/156541"" target=""_blank"">156541</a>","FOXP1","SNV","Missense","Pathogenic","No assertion criteria provided","Mental retardation with language impairment and with or without autistic features","NM_032682.6(FOXP1):c.1600T>C (p.Trp534Arg)","Trp","Arg",534,"4.288494","No"
"12","<a href=""https://www.ncbi.nlm.nih.gov/clinvar/variation/167094"" target=""_blank"">167094</a>","FOXP1","SNV","Missense","Likely benign","Criteria provided/ single submitter","Not provided/ not specified","NM_032682.6(FOXP1):c.1328A>G (p.Tyr443Cys)","Tyr","Cys",443,"2.927970","Yes"
"13","<a href=""https://www.ncbi.nlm.nih.gov/clinvar/variation/167093"" target=""_blank"">167093</a>","FOXP1","SNV","Synonymous","Uncertain/conflicting","Criteria provided/ single submitter","Not provided/ not specified","NM_032682.6(FOXP1):c.1383C>T (p.Asn461=)","Asn","Asn",461,"NA0.307508","Yes"
"15","<a href=""https://www.ncbi.nlm.nih.gov/clinvar/variation/194566"" target=""_blank"">194566</a>","FOXP1","SNV","Stop gain","Pathogenic","Criteria provided/ single submitter","Not provided/ not specified","NM_032682.6(FOXP1):c.1317C>A (p.Tyr439Ter)","Tyr","Ter",439,"8.627260","No"
"17","<a href=""https://www.ncbi.nlm.nih.gov/clinvar/variation/194896"" target=""_blank"">194896</a>","FOXP1","SNV","Stop gain","Pathogenic","Criteria provided/ single submitter","Not provided/ not specified","NM_032682.6(FOXP1):c.1624C>T (p.Gln542Ter)","Gln","Ter",542,"8.436274","No"
"18","<a href=""https://www.ncbi.nlm.nih.gov/clinvar/variation/194897"" target=""_blank"">194897</a>","FOXP1","SNV","Intronic","Uncertain/conflicting","Criteria provided/ conflicting interpretations","Not provided/ not specified|Mental retardation with language impairment and with or without autistic features","NM_032682.5(FOXP1):c.1652+5G>A",NA,NA,NA,"3.172783","No"
"19","<a href=""https://www.ncbi.nlm.nih.gov/clinvar/variation/195626"" target=""_blank"">195626</a>","FOXP1","SNV","Synonymous","Uncertain/conflicting","Criteria provided/ single submitter","Not provided/ not specified","NM_032682.6(FOXP1):c.1902C>T (p.His634=)","His","His",634,"0.352630","Yes"
"20","<a href=""https://www.ncbi.nlm.nih.gov/clinvar/variation/198274"" target=""_blank"">198274</a>","FOXP1","SNV","Missense","Uncertain/conflicting","Criteria provided/ single submitter","Not provided/ not specified","NM_032682.6(FOXP1):c.64G>A (p.Gly22Ser)","Gly","Ser",22,"0.431687","Yes"
"21","<a href=""https://www.ncbi.nlm.nih.gov/clinvar/variation/211041"" target=""_blank"">211041</a>","FOXP1","SNV","Missense","Benign/Likely benign","Criteria provided/ multiple submitters/ no conflicts","Not provided/ not specified|History of neurodevelopmental disorder|Not provided/ not specified","NM_032682.6(FOXP1):c.1709A>G (p.Asn570Ser)","Asn","Ser",570,"2.287275","Yes"
"22","<a href=""https://www.ncbi.nlm.nih.gov/clinvar/variation/211040"" target=""_blank"">211040</a>","FOXP1","SNV","Missense","Pathogenic/Likely pathogenic","Criteria provided/ multiple submitters/ no conflicts","Mental retardation with language impairment and with or without autistic features|Not provided/ not specified|Inborn genetic diseases|Intellectual disability|See cases","NM_032682.6(FOXP1):c.1541G>A (p.Arg514His)","Arg","His",514,"4.616302","No"
"23","<a href=""https://www.ncbi.nlm.nih.gov/clinvar/variation/211039"" target=""_blank"">211039</a>","FOXP1","SNV","Missense","Uncertain/conflicting","Criteria provided/ single submitter","Not provided/ not specified","NM_032682.6(FOXP1):c.1510C>G (p.Arg504Gly)","Arg","Gly",504,"3.725496","No"
"24","<a href=""https://www.ncbi.nlm.nih.gov/clinvar/variation/211038"" target=""_blank"">211038</a>","FOXP1","SNV","Stop gain","Pathogenic","Criteria provided/ multiple submitters/ no conflicts","Mental retardation with language impairment and with or without autistic features|Not provided/ not specified","NM_032682.6(FOXP1):c.1507C>T (p.Arg503Ter)","Arg","Ter",503,"8.101429","No"
"25","<a href=""https://www.ncbi.nlm.nih.gov/clinvar/variation/211037"" target=""_blank"">211037</a>","FOXP1","SNV","Synonymous","Benign","Criteria provided/ multiple submitters/ no conflicts","Not provided/ not specified|History of neurodevelopmental disorder|Not provided/ not specified","NM_032682.6(FOXP1):c.1413A>G (p.Ala471=)","Ala","Ala",471,"0.781228","Yes"
"26","<a href=""https://www.ncbi.nlm.nih.gov/clinvar/variation/211035"" target=""_blank"">211035</a>","FOXP1","SNV","Synonymous","Uncertain/conflicting","Criteria provided/ single submitter","Not provided/ not specified","NM_032682.6(FOXP1):c.1236C>A (p.Ala412=)","Ala","Ala",412,"0.417887","No"
"27","<a href=""https://www.ncbi.nlm.nih.gov/clinvar/variation/211042"" target=""_blank"">211042</a>","FOXP1","SNV","Intronic","Uncertain/conflicting","Criteria provided/ single submitter","Not provided/ not specified","NM_032682.5(FOXP1):c.181-4C>T",NA,NA,NA,"0.323585","Yes"
"28","<a href=""https://www.ncbi.nlm.nih.gov/clinvar/variation/211043"" target=""_blank"">211043</a>","FOXP1","SNV","Missense","Uncertain/conflicting","Criteria provided/ conflicting interpretations","Not provided/ not specified|History of neurodevelopmental disorder|Mental retardation with language impairment and with or without autistic features;Cerebellar vermis hypoplasia|Congenital cerebellar hypoplasia|Mental retardation with language impairment and with or without autistic features","NM_032682.6(FOXP1):c.44C>T (p.Ala15Val)","Ala","Val",15,"2.596080","Yes"
"29","<a href=""https://www.ncbi.nlm.nih.gov/clinvar/variation/211036"" target=""_blank"">211036</a>","FOXP1","SNV","Missense","Uncertain/conflicting","Criteria provided/ conflicting interpretations","Not provided/ not specified|Not provided/ not specified","NM_032682.6(FOXP1):c.13T>C (p.Ser5Pro)","Ser","Pro",5,"3.895922","Yes"
"30","<a href=""https://www.ncbi.nlm.nih.gov/clinvar/variation/217265"" target=""_blank"">217265</a>","FOXP1","SNV","Missense","Pathogenic","Criteria provided/ multiple submitters/ no conflicts","Mental retardation with language impairment and with or without autistic features|Not provided/ not specified","NM_032682.6(FOXP1):c.1540C>T (p.Arg514Cys)","Arg","Cys",514,"4.989894","No"
"31","<a href=""https://www.ncbi.nlm.nih.gov/clinvar/variation/217264"" target=""_blank"">217264</a>","FOXP1","SNV","Missense","Pathogenic/Likely pathogenic","Criteria provided/ multiple submitters/ no conflicts","Mental retardation with language impairment and with or without autistic features|Intellectual disability","NM_032682.6(FOXP1):c.1393A>G (p.Arg465Gly)","Arg","Gly",465,"4.036898","No"
"32","<a href=""https://www.ncbi.nlm.nih.gov/clinvar/variation/217266"" target=""_blank"">217266</a>","FOXP1","SNV","Stop gain","Pathogenic","Criteria provided/ single submitter","Mental retardation with language impairment and with or without autistic features","NM_032682.6(FOXP1):c.1317C>G (p.Tyr439Ter)","Tyr","Ter",439,"8.557681","No"
"33","<a href=""https://www.ncbi.nlm.nih.gov/clinvar/variation/218552"" target=""_blank"">218552</a>","FOXP1","SNV","Intronic","Uncertain/conflicting","Criteria provided/ single submitter","Not provided/ not specified","NM_001349338.3(FOXP1):c.181-17952C>T",NA,NA,NA,"3.758130","Yes"
"35","<a href=""https://www.ncbi.nlm.nih.gov/clinvar/variation/280463"" target=""_blank"">280463</a>","FOXP1","SNV","Missense","Pathogenic","Criteria provided/ single submitter","Not provided/ not specified","NM_032682.6(FOXP1):c.1409A>G (p.Tyr470Cys)","Tyr","Cys",470,"4.311459","Yes"
"36","<a href=""https://www.ncbi.nlm.nih.gov/clinvar/variation/281531"" target=""_blank"">281531</a>","FOXP1","SNV","Missense","Likely benign","Criteria provided/ single submitter","Not provided/ not specified","NM_032682.6(FOXP1):c.169C>G (p.Gln57Glu)","Gln","Glu",57,"3.067417","Yes"
"37","<a href=""https://www.ncbi.nlm.nih.gov/clinvar/variation/284392"" target=""_blank"">284392</a>","FOXP1","SNV","Missense","Uncertain/conflicting","Criteria provided/ single submitter","Not provided/ not specified","NM_032682.6(FOXP1):c.2020G>A (p.Glu674Lys)","Glu","Lys",674,"4.227032","Yes"
"49","<a href=""https://www.ncbi.nlm.nih.gov/clinvar/variation/346645"" target=""_blank"">346645</a>","FOXP1","SNV","Synonymous","Benign","Criteria provided/ single submitter","Not provided/ not specified","NM_032682.6(FOXP1):c.1233C>T (p.Thr411=)","Thr","Thr",411,"NA0.164169","Yes"
"82","<a href=""https://www.ncbi.nlm.nih.gov/clinvar/variation/346646"" target=""_blank"">346646</a>","FOXP1","SNV","Missense","Uncertain/conflicting","Criteria provided/ conflicting interpretations","Not provided/ not specified","NM_032682.6(FOXP1):c.1217C>G (p.Thr406Ser)","Thr","Ser",406,"2.511012","Yes"
"89","<a href=""https://www.ncbi.nlm.nih.gov/clinvar/variation/374144"" target=""_blank"">374144</a>","FOXP1","SNV","Missense","Likely pathogenic","Criteria provided/ single submitter","Glabellar hemangioma;Delayed speech and language development;Anterior creases of earlobe;Intellectual disability;Strabismus","NM_032682.6(FOXP1):c.1396C>G (p.Pro466Ala)","Pro","Ala",466,"3.813218","No"
"90","<a href=""https://www.ncbi.nlm.nih.gov/clinvar/variation/374237"" target=""_blank"">374237</a>","FOXP1","SNV","Splice-D/A","Likely pathogenic","No assertion criteria provided","Autistic disorder of childhood onset","NM_001244810.1(FOXP1):c.1348+2T>C",NA,NA,NA,"5.493124","No"
"91","<a href=""https://www.ncbi.nlm.nih.gov/clinvar/variation/376816"" target=""_blank"">376816</a>","FOXP1","SNV","Intronic","Likely benign","Criteria provided/ single submitter","Not provided/ not specified","NM_032682.5(FOXP1):c.1652+403A>G",NA,NA,NA,"1.944428","Yes"
"92","<a href=""https://www.ncbi.nlm.nih.gov/clinvar/variation/377106"" target=""_blank"">377106</a>","FOXP1","SNV","Intronic","Likely benign","Criteria provided/ single submitter","Not provided/ not specified","NM_032682.5(FOXP1):c.181-13T>G",NA,NA,NA,"0.580123","Yes"
"93","<a href=""https://www.ncbi.nlm.nih.gov/clinvar/variation/392993"" target=""_blank"">392993</a>","FOXP1","SNV","Stop gain","Pathogenic","Criteria provided/ single submitter","Not provided/ not specified","NM_032682.6(FOXP1):c.574C>T (p.Gln192Ter)","Gln","Ter",192,"7.262316","No"
"94","<a href=""https://www.ncbi.nlm.nih.gov/clinvar/variation/379850"" target=""_blank"">379850</a>","FOXP1","SNV","Stop gain","Pathogenic","Criteria provided/ multiple submitters/ no conflicts","Not provided/ not specified|Mental retardation with language impairment and with or without autistic features","NM_032682.6(FOXP1):c.1489C>T (p.Arg497Ter)","Arg","Ter",497,"8.764348","No"
"95","<a href=""https://www.ncbi.nlm.nih.gov/clinvar/variation/391588"" target=""_blank"">391588</a>","FOXP1","SNV","Missense","Likely pathogenic","Criteria provided/ single submitter","Not provided/ not specified","NM_032682.6(FOXP1):c.1506C>G (p.Phe502Leu)","Phe","Leu",502,"3.505883","No"
"97","<a href=""https://www.ncbi.nlm.nih.gov/clinvar/variation/419546"" target=""_blank"">419546</a>","FOXP1","SNV","Stop gain","Pathogenic","Criteria provided/ single submitter","Not provided/ not specified","NM_032682.6(FOXP1):c.1329C>G (p.Tyr443Ter)","Tyr","Ter",443,"8.833077","No"
"100","<a href=""https://www.ncbi.nlm.nih.gov/clinvar/variation/421700"" target=""_blank"">421700</a>","FOXP1","SNV","Missense","Likely pathogenic","Criteria provided/ single submitter","Not provided/ not specified","NM_032682.6(FOXP1):c.1064T>C (p.Leu355Pro)","Leu","Pro",355,"4.565912","No"
"102","<a href=""https://www.ncbi.nlm.nih.gov/clinvar/variation/433178"" target=""_blank"">433178</a>","FOXP1","SNV","Splice-D/A","Pathogenic","Criteria provided/ single submitter","Mental retardation with language impairment and with or without autistic features","NM_001244808.2(FOXP1):c.869+1G>A",NA,NA,NA,"5.841295","No"
"103","<a href=""https://www.ncbi.nlm.nih.gov/clinvar/variation/435243"" target=""_blank"">435243</a>","FOXP1","SNV","3-UTR","Uncertain/conflicting","Criteria provided/ single submitter","Not provided/ not specified","NM_032682.6(FOXP1):c.*6G>C",NA,NA,NA,"0.287364","Yes"
"104","<a href=""https://www.ncbi.nlm.nih.gov/clinvar/variation/435251"" target=""_blank"">435251</a>","FOXP1","SNV","Missense","Uncertain/conflicting","Criteria provided/ single submitter","Not provided/ not specified","NM_032682.6(FOXP1):c.1405A>G (p.Thr469Ala)","Thr","Ala",469,"3.810551","No"
"105","<a href=""https://www.ncbi.nlm.nih.gov/clinvar/variation/435244"" target=""_blank"">435244</a>","FOXP1","SNV","Synonymous","Likely benign","Criteria provided/ single submitter","Not provided/ not specified","NM_032682.6(FOXP1):c.936C>T (p.Gly312=)","Gly","Gly",312,"0.911214","Yes"
"106","<a href=""https://www.ncbi.nlm.nih.gov/clinvar/variation/435245"" target=""_blank"">435245</a>","FOXP1","SNV","Synonymous","Likely benign","Criteria provided/ single submitter","Not provided/ not specified","NM_032682.6(FOXP1):c.855T>G (p.Thr285=)","Thr","Thr",285,"0.728606","Yes"
"108","<a href=""https://www.ncbi.nlm.nih.gov/clinvar/variation/435249"" target=""_blank"">435249</a>","FOXP1","SNV","Missense","Uncertain/conflicting","Criteria provided/ single submitter","Not provided/ not specified","NM_032682.6(FOXP1):c.602G>A (p.Arg201His)","Arg","His",201,"4.341858","No"
"109","<a href=""https://www.ncbi.nlm.nih.gov/clinvar/variation/435250"" target=""_blank"">435250</a>","FOXP1","SNV","Missense","Likely benign","Criteria provided/ single submitter","Not provided/ not specified","NM_032682.6(FOXP1):c.306G>A (p.Met102Ile)","Met","Ile",102,"3.541502","Yes"
"110","<a href=""https://www.ncbi.nlm.nih.gov/clinvar/variation/435246"" target=""_blank"">435246</a>","FOXP1","SNV","Synonymous","Likely benign","Criteria provided/ single submitter","Not provided/ not specified","NM_032682.6(FOXP1):c.126G>A (p.Pro42=)","Pro","Pro",42,"0.070793","Yes"
"111","<a href=""https://www.ncbi.nlm.nih.gov/clinvar/variation/435247"" target=""_blank"">435247</a>","FOXP1","SNV","Synonymous","Likely benign","Criteria provided/ single submitter","Not provided/ not specified","NM_032682.6(FOXP1):c.63C>T (p.Gly21=)","Gly","Gly",21,"0.750333","Yes"
"112","<a href=""https://www.ncbi.nlm.nih.gov/clinvar/variation/438294"" target=""_blank"">438294</a>","FOXP1","SNV","Splice-D/A","Pathogenic","No assertion criteria provided","Mental retardation with language impairment and with or without autistic features","NM_032682.5(FOXP1):c.975-2A>C",NA,NA,NA,"5.722227","No"
"113","<a href=""https://www.ncbi.nlm.nih.gov/clinvar/variation/444608"" target=""_blank"">444608</a>","FOXP1","SNV","Splice-D/A","Likely pathogenic","Criteria provided/ single submitter","Not provided/ not specified","NM_032682.5(FOXP1):c.1722+1G>A",NA,NA,NA,"5.949506","No"
"114","<a href=""https://www.ncbi.nlm.nih.gov/clinvar/variation/444609"" target=""_blank"">444609</a>","FOXP1","SNV","Synonymous","Uncertain/conflicting","Criteria provided/ single submitter","Not provided/ not specified","NM_032682.6(FOXP1):c.1344G>A (p.Ser448=)","Ser","Ser",448,"0.483162","Yes"
"115","<a href=""https://www.ncbi.nlm.nih.gov/clinvar/variation/444610"" target=""_blank"">444610</a>","FOXP1","SNV","Missense","Uncertain/conflicting","Criteria provided/ single submitter","Not provided/ not specified","NM_032682.6(FOXP1):c.526A>T (p.Thr176Ser)","Thr","Ser",176,"1.945831","Yes"
"116","<a href=""https://www.ncbi.nlm.nih.gov/clinvar/variation/445566"" target=""_blank"">445566</a>","FOXP1","SNV","Intronic","Likely benign","Criteria provided/ single submitter","Not provided/ not specified","NM_032682.5(FOXP1):c.1146+19C>G",NA,NA,NA,"NA0.131797","Yes"
"118","<a href=""https://www.ncbi.nlm.nih.gov/clinvar/variation/451303"" target=""_blank"">451303</a>","FOXP1","SNV","Missense","Uncertain/conflicting","Criteria provided/ single submitter","Not provided/ not specified","NM_032682.6(FOXP1):c.1561A>G (p.Lys521Glu)","Lys","Glu",521,"4.108789","No"
"119","<a href=""https://www.ncbi.nlm.nih.gov/clinvar/variation/451160"" target=""_blank"">451160</a>","FOXP1","SNV","Missense","Likely pathogenic","Criteria provided/ single submitter","Not provided/ not specified","NM_032682.6(FOXP1):c.1348G>A (p.Ala450Thr)","Ala","Thr",450,"5.312111","No"
"120","<a href=""https://www.ncbi.nlm.nih.gov/clinvar/variation/449635"" target=""_blank"">449635</a>","FOXP1","SNV","Intronic","Pathogenic","Criteria provided/ single submitter","Not provided/ not specified","NM_032682.5(FOXP1):c.1146+5G>C",NA,NA,NA,"3.468470","No"
"121","<a href=""https://www.ncbi.nlm.nih.gov/clinvar/variation/489211"" target=""_blank"">489211</a>","FOXP1","SNV","Splice-D/A","Pathogenic","Criteria provided/ single submitter","Not provided/ not specified","NM_032682.5(FOXP1):c.1889+1G>T",NA,NA,NA,"5.891931","No"
"122","<a href=""https://www.ncbi.nlm.nih.gov/clinvar/variation/489016"" target=""_blank"">489016</a>","FOXP1","SNV","Stop gain","Likely pathogenic","Criteria provided/ single submitter","Not provided/ not specified","NM_032682.6(FOXP1):c.1177A>T (p.Lys393Ter)","Lys","Ter",393,"8.426769","No"
"123","<a href=""https://www.ncbi.nlm.nih.gov/clinvar/variation/497696"" target=""_blank"">497696</a>","FOXP1","SNV","Missense","Uncertain/conflicting","Criteria provided/ conflicting interpretations","Not provided/ not specified|History of neurodevelopmental disorder|Not provided/ not specified","NM_032682.6(FOXP1):c.1762G>A (p.Ala588Thr)","Ala","Thr",588,"3.176544","Yes"
"124","<a href=""https://www.ncbi.nlm.nih.gov/clinvar/variation/498786"" target=""_blank"">498786</a>","FOXP1","SNV","Stop gain","Pathogenic","Criteria provided/ single submitter","Not provided/ not specified|Mental retardation with language impairment and with or without autistic features;Cerebellar vermis hypoplasia|Congenital cerebellar hypoplasia","NM_032682.6(FOXP1):c.622C>T (p.Gln208Ter)","Gln","Ter",208,"7.337873","No"
"125","<a href=""https://www.ncbi.nlm.nih.gov/clinvar/variation/502549"" target=""_blank"">502549</a>","FOXP1","SNV","Stop gain","Pathogenic","Criteria provided/ single submitter","Not provided/ not specified","NM_032682.6(FOXP1):c.1329C>A (p.Tyr443Ter)","Tyr","Ter",443,"8.904394","No"
"127","<a href=""https://www.ncbi.nlm.nih.gov/clinvar/variation/504412"" target=""_blank"">504412</a>","FOXP1","SNV","Intronic","Likely pathogenic","Criteria provided/ single submitter","Not provided/ not specified","NM_032682.5(FOXP1):c.1889+5G>T",NA,NA,NA,"3.840300","No"
"129","<a href=""https://www.ncbi.nlm.nih.gov/clinvar/variation/521111"" target=""_blank"">521111</a>","FOXP1","SNV","Missense","Uncertain/conflicting","Criteria provided/ conflicting interpretations","Inborn genetic diseases|Mental retardation with language impairment and with or without autistic features","NM_032682.6(FOXP1):c.1574G>A (p.Arg525Gln)","Arg","Gln",525,"4.529847","No"
"130","<a href=""https://www.ncbi.nlm.nih.gov/clinvar/variation/522138"" target=""_blank"">522138</a>","FOXP1","SNV","Missense","Uncertain/conflicting","Criteria provided/ single submitter","Inborn genetic diseases","NM_032682.6(FOXP1):c.1538T>C (p.Val513Ala)","Val","Ala",513,"4.069097","No"
"132","<a href=""https://www.ncbi.nlm.nih.gov/clinvar/variation/521633"" target=""_blank"">521633</a>","FOXP1","SNV","Missense","Uncertain/conflicting","Criteria provided/ multiple submitters/ no conflicts","Inborn genetic diseases|Not provided/ not specified","NM_032682.6(FOXP1):c.1135G>A (p.Ala379Thr)","Ala","Thr",379,"2.227798","Yes"
"133","<a href=""https://www.ncbi.nlm.nih.gov/clinvar/variation/521240"" target=""_blank"">521240</a>","FOXP1","SNV","Stop gain","Pathogenic","Criteria provided/ single submitter","Inborn genetic diseases","NM_032682.6(FOXP1):c.598C>T (p.Gln200Ter)","Gln","Ter",200,"7.409470","No"
"134","<a href=""https://www.ncbi.nlm.nih.gov/clinvar/variation/546939"" target=""_blank"">546939</a>","FOXP1","SNV","Missense","Uncertain/conflicting","Criteria provided/ single submitter","Not provided/ not specified","NM_032682.6(FOXP1):c.1675A>T (p.Met559Leu)","Met","Leu",559,"2.547427","No"
"135","<a href=""https://www.ncbi.nlm.nih.gov/clinvar/variation/548533"" target=""_blank"">548533</a>","FOXP1","SNV","Intronic","Uncertain/conflicting","Criteria provided/ single submitter","Mental retardation with language impairment and with or without autistic features","NM_032682.5(FOXP1):c.181-17916C>T",NA,NA,NA,"3.935973","Yes"
"136","<a href=""https://www.ncbi.nlm.nih.gov/clinvar/variation/559905"" target=""_blank"">559905</a>","FOXP1","SNV","Missense","Pathogenic","Criteria provided/ single submitter","Mental retardation with language impairment and with or without autistic features","NM_032682.6(FOXP1):c.1394G>C (p.Arg465Thr)","Arg","Thr",465,"4.077851","No"
"137","<a href=""https://www.ncbi.nlm.nih.gov/clinvar/variation/560721"" target=""_blank"">560721</a>","FOXP1","SNV","Missense","Uncertain/conflicting","Criteria provided/ single submitter","Mental retardation with language impairment and with or without autistic features","NM_032682.6(FOXP1):c.1568T>C (p.Phe523Ser)","Phe","Ser",523,"4.358816","No"
"138","<a href=""https://www.ncbi.nlm.nih.gov/clinvar/variation/561014"" target=""_blank"">561014</a>","FOXP1","SNV","Splice-D/A","Pathogenic","Criteria provided/ single submitter","Mental retardation with language impairment and with or without autistic features","NM_032682.5(FOXP1):c.1653-2A>T",NA,NA,NA,"5.951089","No"
"140","<a href=""https://www.ncbi.nlm.nih.gov/clinvar/variation/562025"" target=""_blank"">562025</a>","FOXP1","SNV","Missense","Likely benign","Criteria provided/ single submitter","Intellectual disability","NM_032682.6(FOXP1):c.1888G>T (p.Val630Leu)","Val","Leu",630,"1.966485","Yes"
"141","<a href=""https://www.ncbi.nlm.nih.gov/clinvar/variation/562027"" target=""_blank"">562027</a>","FOXP1","SNV","Intronic","Likely benign","Criteria provided/ multiple submitters/ no conflicts","Intellectual disability|History of neurodevelopmental disorder","NM_032682.5(FOXP1):c.1652+4C>T",NA,NA,NA,"1.206816","Yes"
"142","<a href=""https://www.ncbi.nlm.nih.gov/clinvar/variation/562029"" target=""_blank"">562029</a>","FOXP1","SNV","Missense","Likely benign","Criteria provided/ single submitter","Intellectual disability","NM_032682.6(FOXP1):c.1183G>A (p.Ala395Thr)","Ala","Thr",395,"2.140786","Yes"
"144","<a href=""https://www.ncbi.nlm.nih.gov/clinvar/variation/587696"" target=""_blank"">587696</a>","FOXP1","SNV","Splice-D/A","Pathogenic","Criteria provided/ single submitter","Autistic disorder of childhood onset;Intellectual disability","NM_032682.5(FOXP1):c.1348+1G>C",NA,NA,NA,"6.053589","No"
"145","<a href=""https://www.ncbi.nlm.nih.gov/clinvar/variation/588674"" target=""_blank"">588674</a>","FOXP1","SNV","Missense","Benign/Likely benign","Criteria provided/ multiple submitters/ no conflicts","History of neurodevelopmental disorder|Not provided/ not specified","NM_032682.6(FOXP1):c.1825G>A (p.Ala609Thr)","Ala","Thr",609,"2.343791","Yes"
"147","<a href=""https://www.ncbi.nlm.nih.gov/clinvar/variation/587949"" target=""_blank"">587949</a>","FOXP1","SNV","Synonymous","Likely benign","Criteria provided/ single submitter","History of neurodevelopmental disorder","NM_032682.6(FOXP1):c.114C>T (p.Asn38=)","Asn","Asn",38,"0.872377","No"
"148","<a href=""https://www.ncbi.nlm.nih.gov/clinvar/variation/587964"" target=""_blank"">587964</a>","FOXP1","SNV","Synonymous","Likely benign","Criteria provided/ single submitter","History of neurodevelopmental disorder","NM_032682.6(FOXP1):c.1848C>T (p.Asn616=)","Asn","Asn",616,"0.850611","Yes"
"149","<a href=""https://www.ncbi.nlm.nih.gov/clinvar/variation/588850"" target=""_blank"">588850</a>","FOXP1","SNV","Missense","Uncertain/conflicting","Criteria provided/ single submitter","History of neurodevelopmental disorder","NM_032682.6(FOXP1):c.1936G>A (p.Glu646Lys)","Glu","Lys",646,"3.373261","No"
"150","<a href=""https://www.ncbi.nlm.nih.gov/clinvar/variation/589468"" target=""_blank"">589468</a>","FOXP1","SNV","Missense","Likely benign","Criteria provided/ single submitter","History of neurodevelopmental disorder","NM_032682.6(FOXP1):c.676A>G (p.Thr226Ala)","Thr","Ala",226,"0.886392","Yes"
"151","<a href=""https://www.ncbi.nlm.nih.gov/clinvar/variation/589391"" target=""_blank"">589391</a>","FOXP1","SNV","Missense","Likely benign","Criteria provided/ single submitter","History of neurodevelopmental disorder","NM_032682.6(FOXP1):c.154G>A (p.Ala52Thr)","Ala","Thr",52,"2.350513","Yes"
"152","<a href=""https://www.ncbi.nlm.nih.gov/clinvar/variation/589707"" target=""_blank"">589707</a>","FOXP1","SNV","Synonymous","Benign/Likely benign","Criteria provided/ multiple submitters/ no conflicts","History of neurodevelopmental disorder|Not provided/ not specified","NM_032682.6(FOXP1):c.123G>A (p.Thr41=)","Thr","Thr",41,"0.325591","Yes"
"153","<a href=""https://www.ncbi.nlm.nih.gov/clinvar/variation/588954"" target=""_blank"">588954</a>","FOXP1","SNV","Missense","Benign","Criteria provided/ single submitter","History of neurodevelopmental disorder","NM_032682.6(FOXP1):c.107G>A (p.Arg36Gln)","Arg","Gln",36,"3.647610","Yes"
"154","<a href=""https://www.ncbi.nlm.nih.gov/clinvar/variation/589138"" target=""_blank"">589138</a>","FOXP1","SNV","Synonymous","Likely benign","Criteria provided/ single submitter","History of neurodevelopmental disorder","NM_032682.6(FOXP1):c.738C>G (p.Gly246=)","Gly","Gly",246,"0.719506","Yes"
"155","<a href=""https://www.ncbi.nlm.nih.gov/clinvar/variation/589162"" target=""_blank"">589162</a>","FOXP1","SNV","Missense","Uncertain/conflicting","Criteria provided/ single submitter","History of neurodevelopmental disorder","NM_032682.6(FOXP1):c.319A>G (p.Ile107Val)","Ile","Val",107,"2.883282","No"
"156","<a href=""https://www.ncbi.nlm.nih.gov/clinvar/variation/589533"" target=""_blank"">589533</a>","FOXP1","SNV","Synonymous","Likely benign","Criteria provided/ single submitter","History of neurodevelopmental disorder","NM_032682.6(FOXP1):c.135C>T (p.Asp45=)","Asp","Asp",45,"0.605620","Yes"
"157","<a href=""https://www.ncbi.nlm.nih.gov/clinvar/variation/588819"" target=""_blank"">588819</a>","FOXP1","SNV","Intronic","Likely benign","Criteria provided/ single submitter","History of neurodevelopmental disorder","NM_032682.5(FOXP1):c.1890-4C>T",NA,NA,NA,"0.414717","Yes"
"163","<a href=""https://www.ncbi.nlm.nih.gov/clinvar/variation/619979"" target=""_blank"">619979</a>","FOXP1","SNV","Splice-D/A","Likely pathogenic","Criteria provided/ single submitter","Mental retardation with language impairment and with or without autistic features","NM_032682.5(FOXP1):c.1147-2A>G",NA,NA,NA,"5.961954","No"
"164","<a href=""https://www.ncbi.nlm.nih.gov/clinvar/variation/620514"" target=""_blank"">620514</a>","FOXP1","SNV","Stop gain","Pathogenic","Criteria provided/ single submitter","Not provided/ not specified","NM_032682.6(FOXP1):c.1476T>A (p.Tyr492Ter)","Tyr","Ter",492,"7.707111","No"
"165","<a href=""https://www.ncbi.nlm.nih.gov/clinvar/variation/620469"" target=""_blank"">620469</a>","FOXP1","SNV","Stop gain","Pathogenic","Criteria provided/ single submitter","Not provided/ not specified","NM_032682.6(FOXP1):c.529C>T (p.Gln177Ter)","Gln","Ter",177,"7.737404","No"
"169","<a href=""https://www.ncbi.nlm.nih.gov/clinvar/variation/626283"" target=""_blank"">626283</a>","FOXP1","SNV","Stop gain","Pathogenic","Criteria provided/ single submitter","Mental retardation with language impairment and with or without autistic features|Seizures;Intellectual disability|Rare genetic intellectual disability","NM_032682.6(FOXP1):c.1630C>T (p.Arg544Ter)","Arg","Ter",544,"7.595304","No"
"170","<a href=""https://www.ncbi.nlm.nih.gov/clinvar/variation/633220"" target=""_blank"">633220</a>","FOXP1","SNV","Splice-D/A","Likely pathogenic","Criteria provided/ single submitter","Mental retardation with language impairment and with or without autistic features","NM_032682.5(FOXP1):c.1146+1G>C",NA,NA,NA,"5.615639","No"
"171","<a href=""https://www.ncbi.nlm.nih.gov/clinvar/variation/643127"" target=""_blank"">643127</a>","FOXP1","SNV","Splice-D/A","Likely pathogenic","Criteria provided/ single submitter","Not provided/ not specified","NM_032682.5(FOXP1):c.1146+1G>T",NA,NA,NA,"5.685654","No"
"174","<a href=""https://www.ncbi.nlm.nih.gov/clinvar/variation/691264"" target=""_blank"">691264</a>","FOXP1","SNV","Missense","Likely pathogenic","Criteria provided/ single submitter","Intellectual disability","NM_032682.5(FOXP1):c.1000G>C (p.Asp334His)","Asp","His",334,"4.452968","No"
"175","<a href=""https://www.ncbi.nlm.nih.gov/clinvar/variation/691269"" target=""_blank"">691269</a>","FOXP1","SNV","Splice-D/A","Pathogenic","Criteria provided/ single submitter","Mental retardation with language impairment and with or without autistic features","NM_032682.5(FOXP1):c.1653-1G>A",NA,NA,NA,"6.223615","No"
"176","<a href=""https://www.ncbi.nlm.nih.gov/clinvar/variation/691271"" target=""_blank"">691271</a>","FOXP1","SNV","Splice-D/A","Pathogenic","Criteria provided/ single submitter","Mental retardation with language impairment and with or without autistic features","NM_032682.5(FOXP1):c.1146+1G>A",NA,NA,NA,"5.620964","No"
"177","<a href=""https://www.ncbi.nlm.nih.gov/clinvar/variation/733411"" target=""_blank"">733411</a>","FOXP1","SNV","Intronic","Benign","Criteria provided/ single submitter","Not provided/ not specified","NM_032682.6(FOXP1):c.1428+9A>G",NA,NA,NA,"1.912723","Yes"
"178","<a href=""https://www.ncbi.nlm.nih.gov/clinvar/variation/748104"" target=""_blank"">748104</a>","FOXP1","SNV","Missense","Benign","Criteria provided/ single submitter","Not provided/ not specified","NM_032682.6(FOXP1):c.1333G>A (p.Val445Met)","Val","Met",445,"2.454888","Yes"
"179","<a href=""https://www.ncbi.nlm.nih.gov/clinvar/variation/736233"" target=""_blank"">736233</a>","FOXP1","SNV","Synonymous","Likely benign","Criteria provided/ single submitter","Not provided/ not specified","NM_032682.6(FOXP1):c.390C>G (p.Leu130=)","Leu","Leu",130,"0.410857","Yes"
"180","<a href=""https://www.ncbi.nlm.nih.gov/clinvar/variation/737302"" target=""_blank"">737302</a>","FOXP1","SNV","Synonymous","Likely benign","Criteria provided/ single submitter","Not provided/ not specified","NM_032682.6(FOXP1):c.79C>T (p.Leu27=)","Leu","Leu",27,"0.204885","Yes"
"181","<a href=""https://www.ncbi.nlm.nih.gov/clinvar/variation/748113"" target=""_blank"">748113</a>","FOXP1","SNV","Intronic","Likely benign","Criteria provided/ single submitter","Not provided/ not specified","NM_032682.6(FOXP1):c.1531-6C>T",NA,NA,NA,"1.656610","Yes"
"182","<a href=""https://www.ncbi.nlm.nih.gov/clinvar/variation/746945"" target=""_blank"">746945</a>","FOXP1","SNV","Intronic","Likely benign","Criteria provided/ single submitter","Not provided/ not specified","NM_032682.6(FOXP1):c.975-6T>C",NA,NA,NA,"2.068924","No"
"184","<a href=""https://www.ncbi.nlm.nih.gov/clinvar/variation/756041"" target=""_blank"">756041</a>","FOXP1","SNV","Synonymous","Likely benign","Criteria provided/ single submitter","Not provided/ not specified","NM_032682.6(FOXP1):c.1149G>A (p.Leu383=)","Leu","Leu",383,"0.841601","Yes"
"185","<a href=""https://www.ncbi.nlm.nih.gov/clinvar/variation/752410"" target=""_blank"">752410</a>","FOXP1","SNV","Synonymous","Likely benign","Criteria provided/ single submitter","Not provided/ not specified","NM_032682.6(FOXP1):c.699A>G (p.Lys233=)","Lys","Lys",233,"0.779040","Yes"
"186","<a href=""https://www.ncbi.nlm.nih.gov/clinvar/variation/759830"" target=""_blank"">759830</a>","FOXP1","SNV","Intronic","Likely benign","Criteria provided/ single submitter","Not provided/ not specified","NM_032682.6(FOXP1):c.1428+8A>G",NA,NA,NA,"1.182314","No"
"187","<a href=""https://www.ncbi.nlm.nih.gov/clinvar/variation/792333"" target=""_blank"">792333</a>","FOXP1","SNV","Intronic","Likely benign","Criteria provided/ single submitter","Not provided/ not specified","NM_032682.6(FOXP1):c.665-7G>T",NA,NA,NA,"1.329419","Yes"
"188","<a href=""https://www.ncbi.nlm.nih.gov/clinvar/variation/801982"" target=""_blank"">801982</a>","FOXP1","SNV","Missense","Uncertain/conflicting","Criteria provided/ single submitter","Mental retardation with language impairment and with or without autistic features","NM_032682.6(FOXP1):c.1798A>G (p.Ser600Gly)","Ser","Gly",600,"2.406516","No"
"189","<a href=""https://www.ncbi.nlm.nih.gov/clinvar/variation/801983"" target=""_blank"">801983</a>","FOXP1","SNV","Missense","Likely pathogenic","Criteria provided/ single submitter","Mental retardation with language impairment and with or without autistic features","NM_032682.6(FOXP1):c.1550T>G (p.Leu517Arg)","Leu","Arg",517,"4.395115","No"
"191","<a href=""https://www.ncbi.nlm.nih.gov/clinvar/variation/801985"" target=""_blank"">801985</a>","FOXP1","SNV","Splice-D/A","Pathogenic","Criteria provided/ single submitter","Mental retardation with language impairment and with or without autistic features","NM_032682.6(FOXP1):c.870-1G>C",NA,NA,NA,"5.854124","No"
"192","<a href=""https://www.ncbi.nlm.nih.gov/clinvar/variation/801986"" target=""_blank"">801986</a>","FOXP1","SNV","Missense","Uncertain/conflicting","Criteria provided/ single submitter","Mental retardation with language impairment and with or without autistic features","NM_032682.6(FOXP1):c.490G>A (p.Ala164Thr)","Ala","Thr",164,"2.955689","No"
"193","<a href=""https://www.ncbi.nlm.nih.gov/clinvar/variation/809508"" target=""_blank"">809508</a>","FOXP1","SNV","Missense","Uncertain/conflicting","Criteria provided/ single submitter","Not provided/ not specified","NM_032682.6(FOXP1):c.1471A>T (p.Ile491Phe)","Ile","Phe",491,"4.206557","No"
"196","<a href=""https://www.ncbi.nlm.nih.gov/clinvar/variation/812164"" target=""_blank"">812164</a>","FOXP1","SNV","Missense","Uncertain/conflicting","Criteria provided/ single submitter","Mental retardation with language impairment and with or without autistic features","NM_032682.6(FOXP1):c.407T>A (p.Leu136His)","Leu","His",136,"4.137885","No"
"200","<a href=""https://www.ncbi.nlm.nih.gov/clinvar/variation/872079"" target=""_blank"">872079</a>","FOXP1","SNV","Synonymous","Likely benign","Criteria provided/ single submitter","Not provided/ not specified","NM_032682.6(FOXP1):c.1803A>T (p.Ala601=)","Ala","Ala",601,"0.419216","No"
"201","<a href=""https://www.ncbi.nlm.nih.gov/clinvar/variation/872080"" target=""_blank"">872080</a>","FOXP1","SNV","Missense","Uncertain/conflicting","Criteria provided/ single submitter","Not provided/ not specified","NM_032682.6(FOXP1):c.31A>G (p.Ser11Gly)","Ser","Gly",11,"2.406294","Yes"
"202","<a href=""https://www.ncbi.nlm.nih.gov/clinvar/variation/873452"" target=""_blank"">873452</a>","FOXP1","SNV","Missense","Pathogenic","Criteria provided/ single submitter","Mental retardation with language impairment and with or without autistic features","NM_001349338.3(FOXP1):c.1409A>T (p.Tyr470Phe)","Tyr","Phe",470,"4.121926","No"
"203","<a href=""https://www.ncbi.nlm.nih.gov/clinvar/variation/916082"" target=""_blank"">916082</a>","FOXP1","SNV","Missense","Likely pathogenic","Criteria provided/ single submitter","Not provided/ not specified","NM_001349338.3(FOXP1):c.1406C>T (p.Thr469Ile)","Thr","Ile",469,"4.078624","No"
"205","<a href=""https://www.ncbi.nlm.nih.gov/clinvar/variation/930001"" target=""_blank"">930001</a>","FOXP1","SNV","Missense","Uncertain/conflicting","Criteria provided/ single submitter","Not provided/ not specified","NM_001349338.3(FOXP1):c.274G>C (p.Ala92Pro)","Ala","Pro",92,"2.497016","No"
"206","<a href=""https://www.ncbi.nlm.nih.gov/clinvar/variation/930431"" target=""_blank"">930431</a>","FOXP1","SNV","Missense","Uncertain/conflicting","Criteria provided/ single submitter","Mental retardation with language impairment and with or without autistic features|Intellectual disability","NM_001349338.3(FOXP1):c.119A>T (p.Glu40Val)","Glu","Val",40,"3.287085","Yes"
"208","<a href=""https://www.ncbi.nlm.nih.gov/clinvar/variation/944907"" target=""_blank"">944907</a>","FOXP1","SNV","Missense","Likely pathogenic","Criteria provided/ single submitter","Not provided/ not specified","NM_001349338.3(FOXP1):c.1096A>G (p.Met366Val)","Met","Val",366,"3.016020","No"
"211","<a href=""https://www.ncbi.nlm.nih.gov/clinvar/variation/975881"" target=""_blank"">975881</a>","FOXP1","SNV","Missense","Likely pathogenic","Criteria provided/ single submitter","Mental retardation with language impairment and with or without autistic features","NM_001349338.3(FOXP1):c.1541G>C (p.Arg514Pro)","Arg","Pro",514,"4.577507","No"
"212","<a href=""https://www.ncbi.nlm.nih.gov/clinvar/variation/976000"" target=""_blank"">976000</a>","FOXP1","SNV","Missense","Likely pathogenic","Criteria provided/ single submitter","Mental retardation with language impairment and with or without autistic features","NM_001349338.3(FOXP1):c.1475A>G (p.Tyr492Cys)","Tyr","Cys",492,"4.216187","No"
"215","<a href=""https://www.ncbi.nlm.nih.gov/clinvar/variation/977435"" target=""_blank"">977435</a>","FOXP1","SNV","Missense","Uncertain/conflicting","No assertion criteria provided","Not provided/ not specified","NM_001349338.3(FOXP1):c.734C>T (p.Thr245Ile)","Thr","Ile",245,"1.983544","Yes"
"218","<a href=""https://www.ncbi.nlm.nih.gov/clinvar/variation/981370"" target=""_blank"">981370</a>","FOXP1","SNV","Intronic","Likely pathogenic","Criteria provided/ single submitter","Intellectual disability","NM_001349338.3(FOXP1):c.1652+5G>C",NA,NA,NA,"3.310003","No"
"219","<a href=""https://www.ncbi.nlm.nih.gov/clinvar/variation/981371"" target=""_blank"">981371</a>","FOXP1","SNV","Synonymous","Pathogenic","Criteria provided/ single submitter","Intellectual disability","NM_001349338.3(FOXP1):c.1350A>T (p.Ala450=)","Ala","Ala",450,"2.527034","No"
"220","<a href=""https://www.ncbi.nlm.nih.gov/clinvar/variation/982638"" target=""_blank"">982638</a>","FOXP1","SNV","Missense","Uncertain/conflicting","Criteria provided/ single submitter","Mental retardation with language impairment and with or without autistic features","NM_001349338.3(FOXP1):c.1747C>T (p.Pro583Ser)","Pro","Ser",583,"3.015291","No"
"221","<a href=""https://www.ncbi.nlm.nih.gov/clinvar/variation/984631"" target=""_blank"">984631</a>","FOXP1","SNV","Missense","Likely pathogenic","No assertion criteria provided","Mental retardation with language impairment and with or without autistic features","NM_001349338.3(FOXP1):c.1544A>G (p.His515Arg)","His","Arg",515,"3.886702","No"
"224","<a href=""https://www.ncbi.nlm.nih.gov/clinvar/variation/984883"" target=""_blank"">984883</a>","FOXP1","SNV","Missense","Likely pathogenic","No assertion criteria provided","Mental retardation with language impairment and with or without autistic features","NM_001349338.3(FOXP1):c.179A>G (p.Gln60Arg)","Gln","Arg",60,"2.264966","Yes"
"225","<a href=""https://www.ncbi.nlm.nih.gov/clinvar/variation/984882"" target=""_blank"">984882</a>","FOXP1","SNV","Missense","Uncertain/conflicting","No assertion criteria provided","Mental retardation with language impairment and with or without autistic features","NM_001349338.3(FOXP1):c.8A>G (p.Gln3Arg)","Gln","Arg",3,"2.479137","No"
"226","<a href=""https://www.ncbi.nlm.nih.gov/clinvar/variation/985937"" target=""_blank"">985937</a>","FOXP1","SNV","Missense","Uncertain/conflicting","Criteria provided/ single submitter","Inborn genetic diseases","NM_001349338.3(FOXP1):c.1732G>A (p.Ala578Thr)","Ala","Thr",578,"4.361892","No"
"227","<a href=""https://www.ncbi.nlm.nih.gov/clinvar/variation/986000"" target=""_blank"">986000</a>","FOXP1","SNV","Missense","Uncertain/conflicting","Criteria provided/ single submitter","Inborn genetic diseases","NM_001349338.3(FOXP1):c.1631G>A (p.Arg544Gln)","Arg","Gln",544,"4.588644","No"
"230","<a href=""https://www.ncbi.nlm.nih.gov/clinvar/variation/985809"" target=""_blank"">985809</a>","FOXP1","SNV","Missense","Uncertain/conflicting","Criteria provided/ single submitter","Inborn genetic diseases","NM_001349338.3(FOXP1):c.1495T>C (p.Phe499Leu)","Phe","Leu",499,"4.284509","No"
"231","<a href=""https://www.ncbi.nlm.nih.gov/clinvar/variation/986798"" target=""_blank"">986798</a>","FOXP1","SNV","Stop gain","Pathogenic","Criteria provided/ single submitter","Not provided/ not specified","NM_001349338.3(FOXP1):c.1319C>G (p.Ser440Ter)","Ser","Ter",440,"8.453577","No"
"234","<a href=""https://www.ncbi.nlm.nih.gov/clinvar/variation/1013484"" target=""_blank"">1013484</a>","FOXP1","SNV","Missense","Pathogenic","Criteria provided/ single submitter","Not provided/ not specified","NM_001349338.3(FOXP1):c.1396C>A (p.Pro466Thr)","Pro","Thr",466,"3.995789","No"
"235","<a href=""https://www.ncbi.nlm.nih.gov/clinvar/variation/1018781"" target=""_blank"">1018781</a>","FOXP1","SNV","Missense","Uncertain/conflicting","Criteria provided/ single submitter","Not provided/ not specified","NM_001349338.3(FOXP1):c.88G>A (p.Gly30Ser)","Gly","Ser",30,"0.416745","No"
"236","<a href=""https://www.ncbi.nlm.nih.gov/clinvar/variation/1030052"" target=""_blank"">1030052</a>","FOXP1","SNV","Missense","Uncertain/conflicting","Criteria provided/ single submitter","Mental retardation with language impairment and with or without autistic features","NM_001349338.3(FOXP1):c.1664T>C (p.Leu555Pro)","Leu","Pro",555,"4.201522","No"
"237","<a href=""https://www.ncbi.nlm.nih.gov/clinvar/variation/1030051"" target=""_blank"">1030051</a>","FOXP1","SNV","Missense","Uncertain/conflicting","Criteria provided/ single submitter","Mental retardation with language impairment and with or without autistic features","NM_001349338.3(FOXP1):c.1313G>A (p.Arg438Gln)","Arg","Gln",438,"4.387326","No"
"238","<a href=""https://www.ncbi.nlm.nih.gov/clinvar/variation/1065605"" target=""_blank"">1065605</a>","FOXP1","SNV","Stop gain","Pathogenic","No assertion criteria provided","Intellectual disability","NM_001349338.3(FOXP1):c.1426C>T (p.Gln476Ter)","Gln","Ter",476,"11.323955","No"
"239","<a href=""https://www.ncbi.nlm.nih.gov/clinvar/variation/1098686"" target=""_blank"">1098686</a>","FOXP1","SNV","Missense","Uncertain/conflicting","Criteria provided/ single submitter","Mental retardation with language impairment and with or without autistic features","NM_001349338.3(FOXP1):c.1888G>A (p.Val630Met)","Val","Met",630,"1.951579","Yes"
"240","<a href=""https://www.ncbi.nlm.nih.gov/clinvar/variation/1098603"" target=""_blank"">1098603</a>","FOXP1","SNV","Missense","Uncertain/conflicting","Criteria provided/ single submitter","Mental retardation with language impairment and with or without autistic features","NM_001349338.3(FOXP1):c.34A>T (p.Asn12Tyr)","Asn","Tyr",12,"3.894919","No"
"242","<a href=""https://www.ncbi.nlm.nih.gov/clinvar/variation/1174383"" target=""_blank"">1174383</a>","FOXP1","SNV","Intronic","Likely benign","Criteria provided/ single submitter","Not provided/ not specified","NM_001349338.3(FOXP1):c.181-29G>A",NA,NA,NA,"NA0.301161","Yes"
"243","<a href=""https://www.ncbi.nlm.nih.gov/clinvar/variation/1174513"" target=""_blank"">1174513</a>","FOXP1","SNV","Missense","Pathogenic","No assertion criteria provided","Atrial septal defect 1","NM_001349338.3(FOXP1):c.1778C>A (p.Pro593His)","Pro","His",593,"4.198607","No"
